{
    "accuracy": 0.1901041716337204,
    "loss": 3.3754780292510986
}