{
    "accuracy": 0.993600070476532,
    "loss": 0.07769500464200974
}