{
    "accuracy": 0.9924002289772034,
    "loss": 0.03468035161495209
}